Item,Total Venda
1209,379.70000000000005
1312,916.7
1516,539.7
1529,156.0
1759,299.70000000000005
2026,220.0
